{"('0', '2', '0000')": [1.9999999999999996, -2.220446049250313e-16, 1.9999999999999996, -2.220446049250313e-16], "('0', '2', '0001')": [1.9999999999999996, -2.220446049250313e-16, 1.9999999999999996, -1.0], "('0', '2', '0010')": [1.9999999999999996, -2.220446049250313e-16, -0.9999999999999925, -2.220446049250313e-16], "('0', '2', '0011')": [1.9999999999999996, -0.973, 0, -0.9099999999999999], "('0', '2', '0100')": [1.9999999999999996, -1.0, 1.9999999999999996, -2.220446049250313e-16], "('0', '2', '0101')": [1.9999994374845815, -0.7, 1.9999999999999996, -0.9099999999999999], "('0', '2', '0110')": [1.9999999999999996, -0.9099999999999999, -0.9975700000000001, -2.220446049250313e-16], "('0', '2', '0111')": [1.9015910944067318, 0, 0, 0], "('0', '2', '1000')": [-0.9999940950999999, -2.220446049250313e-16, 1.9999999999999996, -1.0961518802127693e-06], "('0', '2', '1001')": [-0.9919, -9.620569631344245e-07, 1.9999999999998668, -0.9975700000000001], "('0', '2', '1010')": [-0.99999995217031, -1.4757190450460342, -0.9999998405677, -1.155018353092731], "('0', '2', '1011')": [-0.9999940950999999, -1.457825102389005, -0.9999940950999999, -0.9999940950999999], "('0', '2', '1100')": [-0.9099999999999999, -0.9099999999999999, 1.999999999865242, 0], "('0', '2', '1101')": [-0.7, -0.7, 1.9755061079571863, 0], "('0', '2', '1110')": [-0.7, 0, 0, 0], "('0', '2', '1111')": [-0.7, 0, 0, 0], "('0', '3', '0000')": [1.9999999999999996, -2.220446049250313e-16, -2.220446049250313e-16, 1.9999999999999996], "('0', '3', '0001')": [1.9999999999999996, -8.700429498426831e-09, -2.220446049250313e-16, -0.9997813], "('0', '3', '0010')": [1.9999999999999996, -2.220446049250313e-16, -0.9999999999999153, 1.9642421814294126], "('0', '3', '0011')": [1.9996733492764662, 0, 0, -0.7], "('0', '3', '0100')": [1.9999999999999996, -1.0, -2.220446049250313e-16, 1.9998822424900007], "('0', '3', '0101')": [1.9999999999999996, -0.7, 0, 0], "('0', '3', '0110')": [1.9999999999999996, -0.7, -0.9919, 0], "('0', '3', '0111')": [0, 0, 0, 0], "('0', '3', '1000')": [-0.9919, -2.220446049250313e-16, -5.119949618981323e-07, 1.9999999954802963], "('0', '3', '1001')": [-0.99999995217031, -0.2498219697985876, -1.4534618459282158, -0.9999998405677], "('0', '3', '1010')": [-0.9099999999999999, -0.7692307324387, 0, 1.945984643073671], "('0', '3', '1011')": [0, 0, 0, 0], "('0', '3', '1100')": [-0.9099999999999999, -0.7, -1.4428307491019257, 1.8554828244105281], "('0', '3', '1101')": [0, 0, 0, 0], "('0', '3', '1110')": [-0.7, 0, 0, 0], "('0', '3', '1111')": [0, 0, 0, 0], "('0', 'NA', '0000')": [1.9999999999999996, -2.220446049250313e-16, -2.220446049250313e-16, -2.220446049250313e-16], "('0', 'NA', '0001')": [1.9999999999999996, -1.0000000000000002, -2.220446049249686e-16, -0.9919], "('0', 'NA', '0010')": [1.9999999987086559, -0.999999985651093, -0.9099999999999999, -2.220446049250313e-16], "('0', 'NA', '0011')": [1.9999999996625264, 0, 0, 0], "('0', 'NA', '0100')": [1.9999999999999996, -1.0, -2.220446049250313e-16, -2.220446049250313e-16], "('0', 'NA', '0101')": [1.9999999999999996, -0.7, 0, 0], "('0', 'NA', '0110')": [1.9999999999999996, -0.7, 0, 0], "('0', 'NA', '0111')": [1.9999996811353997, 0, 0, 0], "('0', 'NA', '1000')": [-0.7, -0.9999998405677, -0.3060149911023385, -0.12935378563314634], "('0', 'NA', '1001')": [-0.973, -1.0548003749271944, -1.1241192839256686, -0.9099999999999999], "('0', 'NA', '1010')": [-0.9999940950999999, -1.4549803169999997, -0.999980317, -1.2915029647303642], "('0', 'NA', '1011')": [-0.999980317, -1.4594841551849997, -0.99993439, -0.99993439], "('0', 'NA', '1100')": [-0.9099999999999999, -0.7, -1.1207155505710933, 0], "('0', 'NA', '1101')": [0, 0, 0, 0], "('0', 'NA', '1110')": [-0.7, -0.7, 0, 0], "('0', 'NA', '1111')": [0, 0, 0, 0], "('1', '2', '0000')": [-2.220446049250313e-16, 1.9999999999999996, 1.9999999999999996, -2.220446049250313e-16], "('1', '2', '0001')": [-2.2204460492503136e-16, 1.9999999999999996, 1.9676565743619274, -0.99999995217031], "('1', '2', '0010')": [-3.874953193822256e-16, 1.9999999999999996, -0.99993439, -8.77165246316534e-07], "('1', '2', '0011')": [-4.659178129694608e-14, 1.000218696907952, -0.9099999999999999, -0.7], "('1', '2', '0100')": [-1.2396428328287355e-14, -0.9919, 1.9999999999999996, -2.220446049250313e-16], "('1', '2', '0101')": [-0.9099999999999999, -0.7, 1.9999999999999996, -0.7], "('1', '2', '0110')": [-1.3230153524999726, -0.9975700000000001, -0.9919, -1.0216737999632466], "('1', '2', '0111')": [0, 0, 0, 0], "('1', '2', '1000')": [-1.0, 1.9998246000051982, 1.9999999999999754, -1.431043361516262e-07], "('1', '2', '1001')": [-0.9099999999999999, 1.999772661688024, 0, 0], "('1', '2', '1010')": [-0.7, 1.9999999999999996, 0, 0], "('1', '2', '1011')": [0, 0, 0, 0], "('1', '2', '1100')": [-0.9099999999999999, 0, 0, 0], "('1', '2', '1101')": [-0.7, 0, 0, 0], "('1', '2', '1110')": [0, 0, 0, 0], "('1', '2', '1111')": [0, 0, 0, 0], "('1', '3', '0000')": [-2.220446049250313e-16, 1.9999999999999996, -2.220446049250313e-16, 1.9999999999999996], "('1', '3', '0001')": [-2.220446049250313e-16, 1.9999999999999996, -2.220446049250313e-16, -0.999999468559], "('1', '3', '0010')": [-2.220446049250313e-16, 1.9999999999999996, -1.0, 1.9999999999999996], "('1', '3', '0011')": [-1.0030157628822711, 1.9999999999999996, -0.7, 0], "('1', '3', '0100')": [-2.2545015556652003e-16, -0.999271, -2.220446049250314e-16, 1.9999999999999996], "('1', '3', '0101')": [-0.07463293001294381, -0.7, -2.220446049250313e-16, -0.7], "('1', '3', '0110')": [-0.9099999999999999, -0.7, -0.9099999999999999, 1.9999999925024305], "('1', '3', '0111')": [-1.0001011699028708, -0.7, 0, 0], "('1', '3', '1000')": [-1.0, 1.9999999999999996, -2.220446049250313e-16, 1.9999999999999996], "('1', '3', '1001')": [-0.973, 1.9999999999999996, -1.053843682755755e-06, -0.7], "('1', '3', '1010')": [-0.9997813, 1.9999999999999996, -0.973, 1.9999999999999996], "('1', '3', '1011')": [-0.7, 0, 0, 0], "('1', '3', '1100')": [-0.7, -0.7, -1.0091629555458619, 1.9764917153889912], "('1', '3', '1101')": [-0.7, -0.7, 0, 0], "('1', '3', '1110')": [0, 0, 0, 0], "('1', '3', '1111')": [0, 0, 0, 0], "('1', 'NA', '0000')": [-2.220446049250313e-16, 1.9999999999999996, -2.220446049250313e-16, -2.220446049250313e-16], "('1', 'NA', '0001')": [-1.3499999999583794, 1.9999999999999996, -2.220446049250313e-16, 0], "('1', 'NA', '0010')": [-0.99993439, 1.9999999999999996, 0, -4.1681020590815715e-15], "('1', 'NA', '0011')": [-0.9919, 0, 0, 0], "('1', 'NA', '0100')": [-1.428, -0.9919, -0.9730000000000001, -0.9999999998837739], "('1', 'NA', '0101')": [-1.437765, 0, -2.220446039692021e-16, 0], "('1', 'NA', '0110')": [-0.9099999999999999, -0.9099999999999999, -0.7, -1.232586516818116], "('1', 'NA', '0111')": [-0.973, 0, 0, 0], "('1', 'NA', '1000')": [-0.9999999996125795, 1.9999999999999996, -5.945461698291903e-05, -9.249707521531758e-11], "('1', 'NA', '1001')": [0, 0, 0, 0], "('1', 'NA', '1010')": [-0.7, 0, 0, 0], "('1', 'NA', '1011')": [0, 0, 0, 0], "('1', 'NA', '1100')": [-0.7, -0.7, -1.0067000275977755, -0.9257499999735587], "('1', 'NA', '1101')": [0, 0, 0, 0], "('1', 'NA', '1110')": [0, 0, 0, 0], "('1', 'NA', '1111')": [0, 0, 0, 0], "('NA', '2', '0000')": [-2.220446049250313e-16, -2.220446049250313e-16, 1.9999999999999996, -2.220446049250313e-16], "('NA', '2', '0001')": [-2.220446049250313e-16, -2.220446049250313e-16, 1.9999999999999996, -1.0], "('NA', '2', '0010')": [-2.220446403557111e-16, -1.1293083725000002, -0.9099999999999999, -0.9999803170000001], "('NA', '2', '0011')": [-1.380267864634611, -1.0243298073480873, -0.9999940950999999, -0.9999940950999999], "('NA', '2', '0100')": [-2.2206617148056573e-16, -0.9999998405677, 1.9999999999999996, -1.0000000000000002], "('NA', '2', '0101')": [-0.973, -0.973, 1.9999999893792215, -0.9975700000000001], "('NA', '2', '0110')": [-1.352715, -0.999271, -0.9975700000000001, -1.1236701012085866], "('NA', '2', '0111')": [0, 0, 0, 0],